ts,uid,id.orig_h,id.orig_p,id.resp_h,id.resp_p,proto,service,duration,orig_bytes,resp_bytes,conn_state,local_orig,local_resp,missed_bytes,history,orig_pkts,orig_ip_bytes,resp_pkts,resp_ip_bytes,tunnel_parents,label,detailed-label
1545357744.436468,CRNRi847tyrGje0NS1,192.168.1.197,43746,138.195.167.97,8080,tcp,-,-,-,-,S0,-,-,0,S,1,40,0,0,-,Benign,-
1545419393.798675,CGrDRzue0VJei8Dii,192.168.1.196,36014,54.92.86.82,23,tcp,-,-,-,-,S0,-,-,0,S,1,60,0,0,-,Benign,-
1547147761.475444,Ck8hY14GWJcln0Xe9c,192.168.1.198,25542,60.161.227.40,23,tcp,-,-,-,-,S0,-,-,0,S,1,40,0,0,-,Benign,-
1547145472.559800,Cx7Tpb4ekehaP5KUjj,192.168.1.198,54580,166.73.27.43,23,tcp,-,-,-,-,S0,-,-,0,S,1,40,0,0,-,Benign,-
1545454528.290953,C6jw4B3m4pwXhDgzL9,192.168.1.196,35344,25.37.93.61,23,tcp,-,3.109233,0,0,S0,-,-,0,S,3,180,0,0,-,Benign,-
1547145817.044265,CN6dNu1nIvhXgh1Od4,192.168.1.198,52989,5.45.108.230,23,tcp,-,-,-,-,S0,-,-,0,S,1,40,0,0,-,Benign,-
1545455918.457501,ChqNkY32LUH2Oze9k2,192.168.1.196,58894,200.173.201.243,23,tcp,-,3.104748,0,0,S0,-,-,0,S,3,180,0,0,-,Benign,-
1547147566.457617,CKDVg61WenrZL9bNye,192.168.1.198,50708,86.142.253.41,23,tcp,-,-,-,-,S0,-,-,0,S,1,40,0,0,-,Benign,-
1545487472.717698,Cc25jE2B6z05y6taF4,192.168.1.196,50062,162.149.108.196,23,tcp,-,3.083509,0,0,S0,-,-,0,S,3,180,0,0,-,Benign,-
1547145148.072857,CytO8C4FW4zskfZW1g,192.168.1.198,28704,121.79.95.217,23,tcp,-,-,-,-,S0,-,-,0,S,1,40,0,0,-,Benign,-
1547145971.089187,C9YZX22xvIiLHHZp03,192.168.1.198,29360,164.10.6.80,23,tcp,-,-,-,-,S0,-,-,0,S,1,40,0,0,-,Benign,-
1545406545.881227,Csp6DhhtOrkbbA19a,192.168.1.196,57798,48.135.112.142,23,tcp,-,-,-,-,S0,-,-,0,S,1,60,0,0,-,Benign,-
1545463988.126791,C3CdcR3k98BEvhTqb7,192.168.1.196,54782,157.156.168.248,23,tcp,-,3.118961,0,0,S0,-,-,0,S,3,180,0,0,-,Benign,-
1547146518.714457,Cl7xSv2iUWCIHanLbe,192.168.1.198,54580,49.126.164.12,23,tcp,-,-,-,-,S0,-,-,0,S,1,40,0,0,-,Benign,-
1547147372.341592,CBRjiN2LXcYbBsNd66,192.168.1.198,54580,58.254.30.243,23,tcp,-,-,-,-,S0,-,-,0,S,1,40,0,0,-,Benign,-
1547146823.188337,CpmNET27FvFxTY9t,192.168.1.198,32751,174.230.82.204,23,tcp,-,-,-,-,S0,-,-,0,S,1,40,0,0,-,Benign,-
1547148203.693077,CpQI3f25IaDenulRPj,192.168.1.198,10803,40.127.209.110,23,tcp,-,-,-,-,S0,-,-,0,S,1,40,0,0,-,Benign,-
1547146746.937549,CbUdqb4ejLTgXuuIRe,192.168.1.198,37871,132.236.112.137,23,tcp,-,-,-,-,S0,-,-,0,S,1,40,0,0,-,Benign,-
1545448425.135338,C1umO52S2qSXA06pwa,192.168.1.196,50112,131.180.206.120,23,tcp,-,3.148443,0,0,S0,-,-,0,S,3,180,0,0,-,Benign,-
1547147201.851108,C1qsCG1oatTwtMv8t8,192.168.1.198,29360,65.227.2.72,23,tcp,-,-,-,-,S0,-,-,0,S,1,40,0,0,-,Benign,-
1547146719.504951,CLmKfd1ohm0Q6Pl453,192.168.1.198,28704,75.180.14.190,23,tcp,-,-,-,-,S0,-,-,0,S,1,40,0,0,-,Benign,-
1547147183.973606,CYiNpR2wIscU74oTM4,192.168.1.198,41161,220.230.180.234,23,tcp,-,-,-,-,S0,-,-,0,S,1,40,0,0,-,Benign,-
1547146018.873470,C8gthE2SVhXeNOVw69,192.168.1.198,52989,82.212.124.102,23,tcp,-,-,-,-,S0,-,-,0,S,1,40,0,0,-,Benign,-
1547145964.008513,CVQELW1BSVVlgKD7r5,192.168.1.198,28704,220.48.77.50,23,tcp,-,-,-,-,S0,-,-,0,S,1,40,0,0,-,Benign,-
1547145645.932286,C80Zy82ZmSnlZtPJ9,192.168.1.198,13486,119.180.63.61,23,tcp,-,-,-,-,S0,-,-,0,S,1,40,0,0,-,Benign,-
1545485857.512382,CozDXO2l2grbafz7E5,192.168.1.196,41722,157.138.129.231,23,tcp,-,3.092746,0,0,S0,-,-,0,S,3,180,0,0,-,Benign,-
1545378167.834568,C7XLbg3ANxyY43fTd2,192.168.1.197,43746,222.97.34.193,8080,tcp,-,-,-,-,S0,-,-,0,S,1,40,0,0,-,Benign,-
1532179869.158806,CSRsQ73JPd4B0eRsJ1,196.118.25.105,63967,155.44.225.252,53,udp,-,-,-,-,S0,-,-,0,D,1,540,0,0,CARhxZ3hLNVO3xYFok,Benign,-
1547147018.640866,Csoscp2qKVrKyFytPi,192.168.1.198,24104,34.84.194.77,23,tcp,-,-,-,-,S0,-,-,0,S,1,40,0,0,-,Benign,-
1547145793.544935,CibCF81AhBsuDbDsV7,192.168.1.198,10803,2.46.1.163,23,tcp,-,-,-,-,S0,-,-,0,S,1,40,0,0,-,Benign,-
1547146882.107018,CqGPln3VwDKp6xqB3k,192.168.1.198,10803,176.164.166.195,23,tcp,-,-,-,-,S0,-,-,0,S,1,40,0,0,-,Benign,-
1547146478.503661,Cdp2DA4syGmwPK0kQ4,192.168.1.198,25542,185.34.142.18,23,tcp,-,-,-,-,S0,-,-,0,S,1,40,0,0,-,Benign,-
1545458595.483721,CUigec4syZrbT0MeL3,192.168.1.196,45492,178.196.205.148,23,tcp,-,-,-,-,S0,-,-,0,S,1,60,0,0,-,Benign,-
1547147589.914410,CmhdqG4LCWzboMf07c,192.168.1.198,10803,133.134.70.143,23,tcp,-,-,-,-,S0,-,-,0,S,1,40,0,0,-,Benign,-
1547146298.936532,ChdnYFCNauXm5qh1c,192.168.1.198,50708,209.73.73.211,23,tcp,-,-,-,-,S0,-,-,0,S,1,40,0,0,-,Benign,-
1547146439.724266,Cw3wM5pssPo02rFGd,192.168.1.198,55288,134.168.171.88,23,tcp,-,-,-,-,S0,-,-,0,S,1,40,0,0,-,Benign,-
1547144831.308334,CbqvMLa8aii6J6rul,192.168.1.198,52458,212.132.182.9,23,tcp,-,-,-,-,S0,-,-,0,S,1,40,0,0,-,Benign,-
1526241550.019297,Ctvzz4paVDZjOaCN6,192.168.100.103,43763,73.32.32.58,33478,udp,-,-,-,-,S0,-,-,0,D,1,40,0,0,(empty),Benign,-
1547147479.253333,CfUBx84Z7oXxm59Zo7,192.168.1.198,29360,204.169.146.6,23,tcp,-,-,-,-,S0,-,-,0,S,1,40,0,0,-,Benign,-
1547145874.705637,CdiqAr4Vlpqm7r7U5f,192.168.1.198,32751,131.80.183.161,23,tcp,-,-,-,-,S0,-,-,0,S,1,40,0,0,-,Benign,-
1526071800.002870,CwdDBm2ygjUetwUfgl,192.168.100.103,43763,214.210.178.213,29061,udp,-,-,-,-,S0,-,-,0,D,1,40,0,0,(empty),Benign,-
1545377249.854335,Cxxn1o3adJ1XiIn12,192.168.1.197,43746,212.192.249.158,8080,tcp,-,-,-,-,S0,-,-,0,S,1,40,0,0,-,Benign,-
1547147243.605549,CXKXlz3vNjZJyrfkN9,192.168.1.198,13486,175.1.11.26,23,tcp,-,-,-,-,S0,-,-,0,S,1,40,0,0,-,Benign,-
1547147666.294730,CaMwYo33xpxOAIoBRc,192.168.1.198,32751,213.14.176.108,23,tcp,-,-,-,-,S0,-,-,0,S,1,40,0,0,-,Benign,-
1547146669.917467,CDlLCM3AR034l6at75,192.168.1.198,55288,41.224.18.167,23,tcp,-,-,-,-,S0,-,-,0,S,1,40,0,0,-,Benign,-
1547145551.791673,C5YXoW1jEXFO7dwtfh,192.168.1.198,52989,197.202.234.129,23,tcp,-,-,-,-,S0,-,-,0,S,1,40,0,0,-,Benign,-
1547148500.631085,CR85f63sGiIBonsZY3,192.168.1.198,13486,13.126.144.51,23,tcp,-,-,-,-,S0,-,-,0,S,1,40,0,0,-,Benign,-
1547146216.365881,CXEC5u14AHFVvg32,192.168.1.198,32751,192.108.36.193,23,tcp,-,-,-,-,S0,-,-,0,S,1,40,0,0,-,Benign,-
1547146699.099848,CVN2SW1dkDJuoVu7fi,192.168.1.198,52458,60.111.72.44,23,tcp,-,-,-,-,S0,-,-,0,S,1,40,0,0,-,Benign,-
1545466805.070703,ClQzc42NUa0g14iobc,192.168.1.196,47974,107.149.203.150,23,tcp,-,-,-,-,S0,-,-,0,S,1,60,0,0,-,Benign,-
1547145679.214367,CGlGkt4RLy5mMlky3b,192.168.1.198,10803,173.114.7.205,23,tcp,-,-,-,-,S0,-,-,0,S,1,40,0,0,-,Benign,-
1545484136.995770,C0RWL6bUIrNEhL0Wg,192.168.1.196,59580,119.108.123.163,23,tcp,-,3.125507,0,0,S0,-,-,0,S,3,180,0,0,-,Benign,-
1547147477.647454,CdwmXX33CulyPtc6Xa,192.168.1.198,25542,19.130.84.188,23,tcp,-,-,-,-,S0,-,-,0,S,1,40,0,0,-,Benign,-
1547147043.238571,C8F6631FRzSeNbMMA,192.168.1.198,41161,1.112.10.219,23,tcp,-,-,-,-,S0,-,-,0,S,1,40,0,0,-,Benign,-
1545457269.163079,CBuv9t4JjUMl49IWU6,192.168.1.196,55000,147.134.152.51,23,tcp,-,-,-,-,S0,-,-,0,S,1,60,0,0,-,Benign,-
1547146432.278005,C72NozSRpH47sMjJ1,192.168.1.198,29360,167.42.168.107,23,tcp,-,-,-,-,S0,-,-,0,S,1,40,0,0,-,Benign,-
1547145640.733492,CM4BPF3yWhrnsEi156,192.168.1.198,37871,187.30.203.116,23,tcp,-,-,-,-,S0,-,-,0,S,1,40,0,0,-,Benign,-
1547147350.767895,CkmJwM2DjoUpAsfNhh,192.168.1.198,24104,82.140.107.246,23,tcp,-,-,-,-,S0,-,-,0,S,1,40,0,0,-,Benign,-
1545437358.919856,CwpCWE2ms3YvmA2DXe,192.168.1.196,57928,146.187.125.240,23,tcp,-,-,-,-,S0,-,-,0,S,1,60,0,0,-,Benign,-
1547147747.192580,Cqn64T28wppsTb4xGh,192.168.1.198,55288,44.93.33.42,23,tcp,-,-,-,-,S0,-,-,0,S,1,40,0,0,-,Benign,-
1545464491.578710,CgBRt1TBN3Vu5pa5,192.168.1.196,52732,147.207.254.237,23,tcp,-,3.105229,0,0,S0,-,-,0,S,3,180,0,0,-,Benign,-
1547144841.666966,CjvgNA4fPEBbxaOAQd,192.168.1.198,24104,199.223.53.194,23,tcp,-,-,-,-,S0,-,-,0,S,1,40,0,0,-,Benign,-
1547148183.660969,CNWwE53vepvb9aBVBg,192.168.1.198,13486,79.24.3.227,23,tcp,-,-,-,-,S0,-,-,0,S,1,40,0,0,-,Benign,-
1545484624.356896,C7ttkg1t0A0o4iVdfi,192.168.1.196,37646,147.65.69.29,23,tcp,-,3.127005,0,0,S0,-,-,0,S,3,180,0,0,-,Benign,-
1545432848.204003,CKJjqe1koffNeSk5Pl,192.168.1.196,52562,240.181.242.233,23,tcp,-,-,-,-,S0,-,-,0,S,1,60,0,0,-,Benign,-
1547145428.363983,CNQFWj4suQ8Yg2mAj,192.168.1.198,52989,187.195.3.47,23,tcp,-,-,-,-,S0,-,-,0,S,1,40,0,0,-,Benign,-
1547146428.545136,C4SlloBECwomxbxpd,192.168.1.198,55288,69.16.153.94,23,tcp,-,-,-,-,S0,-,-,0,S,1,40,0,0,-,Benign,-
1547146614.768441,Cr1Bjj3o7RpJTzpuB5,192.168.1.198,32751,68.79.22.243,23,tcp,-,-,-,-,S0,-,-,0,S,1,40,0,0,-,Benign,-
1545462967.257772,CiCsSk2XCKOf0LkDX5,192.168.1.196,35642,80.171.112.131,23,tcp,-,3.106250,0,0,S0,-,-,0,S,3,180,0,0,-,Benign,-
1547145125.782563,CRWHMD1SaLQkPbMZYi,192.168.1.198,54580,12.131.55.35,23,tcp,-,-,-,-,S0,-,-,0,S,1,40,0,0,-,Benign,-
1547146178.831282,C7IntY2ijfr0xWizvh,192.168.1.198,25542,199.226.153.27,23,tcp,-,-,-,-,S0,-,-,0,S,1,40,0,0,-,Benign,-
1547147195.655645,C6M7G2436WTiVqgkpc,192.168.1.198,25542,86.226.42.131,23,tcp,-,-,-,-,S0,-,-,0,S,1,40,0,0,-,Benign,-
1547145322.520069,CwkT4l4OLcUWuBwplk,192.168.1.198,55288,67.169.170.75,23,tcp,-,-,-,-,S0,-,-,0,S,1,40,0,0,-,Benign,-
1545417144.406039,CpUi5E48v8WU4CoTX5,192.168.1.196,58924,131.142.150.150,23,tcp,-,3.157210,0,0,S0,-,-,0,S,3,180,0,0,-,Benign,-
1545436500.170823,CtAwAd2HVOeYEq2ee1,192.168.1.196,51308,28.51.94.79,23,tcp,-,3.146949,0,0,S0,-,-,0,S,3,180,0,0,-,Benign,-
1545489187.056309,Cduj9z37584oDS6hr6,192.168.1.196,34700,162.117.82.153,23,tcp,-,3.147458,0,0,S0,-,-,0,S,3,180,0,0,-,Benign,-
1545476008.504248,ChAuYR34xfOfVqq9di,192.168.1.196,35314,186.210.110.212,23,tcp,-,3.135475,0,0,S0,-,-,0,S,3,180,0,0,-,Benign,-
1547146737.896471,Cb2o1P19jEzRSBRVZ5,192.168.1.198,10914,91.110.129.36,23,tcp,-,-,-,-,S0,-,-,0,S,1,40,0,0,-,Benign,-
1545472200.601455,CIJwie4zxP9r5d17pd,192.168.1.196,38244,199.86.107.98,23,tcp,-,-,-,-,S0,-,-,0,S,1,60,0,0,-,Benign,-
1545484342.283656,CZkQ5q22cUElPkZuIf,192.168.1.196,52952,14.68.80.58,23,tcp,-,-,-,-,S0,-,-,0,S,1,60,0,0,-,Benign,-
1545462997.824107,C9wdlW3CJStjQY60A8,192.168.1.196,59716,71.153.82.177,23,tcp,-,3.105249,0,0,S0,-,-,0,S,3,180,0,0,-,Benign,-
1545433786.765410,CUSnvJJEF0RcOyyq4,192.168.1.196,46560,155.191.59.187,23,tcp,-,3.111729,0,0,S0,-,-,0,S,3,180,0,0,-,Benign,-
1547147968.510853,CBrHAZ10MkqcaASmOd,192.168.1.198,10914,171.200.131.235,23,tcp,-,-,-,-,S0,-,-,0,S,1,40,0,0,-,Benign,-
1547145359.530459,ChTHRa3JvrbMAmoiW7,192.168.1.198,24104,102.227.16.36,23,tcp,-,-,-,-,S0,-,-,0,S,1,40,0,0,-,Benign,-
1526120729.012373,CsAdOn4cCKePLRAEw4,192.168.100.103,43763,173.83.138.13,23084,udp,-,-,-,-,S0,-,-,0,D,1,40,0,0,(empty),Benign,-
1547147133.443154,C6OhLQ2CvYD1BBQuua,192.168.1.198,28704,66.90.198.80,23,tcp,-,-,-,-,S0,-,-,0,S,1,40,0,0,-,Benign,-
1545438359.117088,Cr02YA3tryVE5QBfY3,192.168.1.196,43072,99.138.58.41,23,tcp,-,3.086235,0,0,S0,-,-,0,S,3,180,0,0,-,Benign,-
1547145530.666478,CRJr6D34UTj14BRsDd,192.168.1.198,41161,8.205.228.212,23,tcp,-,-,-,-,S0,-,-,0,S,1,40,0,0,-,Benign,-
1547147663.452584,CAsjCe3lTmWmYV3cia,192.168.1.198,10803,150.54.31.166,23,tcp,-,-,-,-,S0,-,-,0,S,1,40,0,0,-,Benign,-
1547145527.491538,C0yqi13fEvQhMBq1Lk,192.168.1.198,37871,208.19.63.134,23,tcp,-,-,-,-,S0,-,-,0,S,1,40,0,0,-,Benign,-
1545463599.004373,CbnoaR2NxfIgT8SVkh,192.168.1.196,45638,90.172.113.29,23,tcp,-,-,-,-,S0,-,-,0,S,1,60,0,0,-,Benign,-
1547146183.014640,CXxvpk2YOOSvbCxZlg,192.168.1.198,55288,47.57.16.94,23,tcp,-,-,-,-,S0,-,-,0,S,1,40,0,0,-,Benign,-
1545409541.769199,Csd9tl3GWpb5gIUHN6,192.168.1.196,59252,90.34.111.11,23,tcp,-,3.154980,0,0,S0,-,-,0,S,3,180,0,0,-,Benign,-
1547146958.691339,CBa6dg4MpNiT6QlZo5,192.168.1.198,41161,173.203.237.143,23,tcp,-,-,-,-,S0,-,-,0,S,1,40,0,0,-,Benign,-
1545478447.929013,CpZ7cG1acA0mtQIRWj,192.168.1.196,49456,108.206.180.102,23,tcp,-,3.154711,0,0,S0,-,-,0,S,3,180,0,0,-,Benign,-
1547145212.889637,Ct1Ael1YG6z8lf38W1,192.168.1.198,10914,73.17.221.116,23,tcp,-,-,-,-,S0,-,-,0,S,1,40,0,0,-,Benign,-
1547146834.581076,Ct6mR24tGg1rqtaEe4,192.168.1.198,32751,76.113.252.204,23,tcp,-,-,-,-,S0,-,-,0,S,1,40,0,0,-,Benign,-
1547074764.739147,CNHVgTZ3UZ89rfeM6,59.187.157.26,3,192.168.1.194,1,icmp,-,-,-,-,OTH,-,-,0,-,1,72,0,0,-,Benign,-
1547147835.728761,CK8UL81nSIZ0rNuClh,192.168.1.198,29360,218.108.159.219,23,tcp,-,-,-,-,S0,-,-,0,S,1,40,0,0,-,Benign,-
1526099130.013515,Ccswc92wyMDrer68Pl,192.168.100.103,43763,41.133.137.156,29274,udp,-,-,-,-,S0,-,-,0,D,1,40,0,0,(empty),Benign,-
1545429067.717760,Csz8YN3NS6YV5iuxmj,192.168.1.196,41944,156.129.120.60,23,tcp,-,-,-,-,S0,-,-,0,S,1,60,0,0,-,Benign,-
1547148336.078996,Cd5QT13RBABCDGJl6a,192.168.1.198,29360,63.180.83.197,23,tcp,-,-,-,-,S0,-,-,0,S,1,40,0,0,-,Benign,-
1545420653.710189,CXZ0JV1AACiH5eXSb9,192.168.1.196,46506,91.130.188.189,23,tcp,-,3.130012,0,0,S0,-,-,0,S,3,180,0,0,-,Benign,-
1547147149.520976,Cg5Gas3MrnUIf3zEbk,192.168.1.198,32751,170.75.161.177,23,tcp,-,-,-,-,S0,-,-,0,S,1,40,0,0,-,Benign,-
1547146745.223811,CmuXIn369MOfiWgByd,192.168.1.198,50708,19.30.125.241,23,tcp,-,-,-,-,S0,-,-,0,S,1,40,0,0,-,Benign,-
1547147322.210197,CGlYk24iwTsUNmTYu7,192.168.1.198,13486,141.82.255.172,23,tcp,-,-,-,-,S0,-,-,0,S,1,40,0,0,-,Benign,-
1547145609.002344,CieLqE10ofSm6GDewg,192.168.1.198,36922,39.25.65.185,23,tcp,-,-,-,-,S0,-,-,0,S,1,40,0,0,-,Benign,-
1547146436.558573,CZSsAP29ZAPVhFZmM8,192.168.1.198,54580,64.2.20.77,23,tcp,-,-,-,-,S0,-,-,0,S,1,40,0,0,-,Benign,-
1547147095.018597,CMRCkB10skqMys78v7,192.168.1.198,25542,52.234.58.154,23,tcp,-,-,-,-,S0,-,-,0,S,1,40,0,0,-,Benign,-
1545428533.717767,CS3T6l2OwwK6jJrMif,192.168.1.196,58882,121.204.251.154,23,tcp,-,-,-,-,S0,-,-,0,S,1,60,0,0,-,Benign,-
1547148102.728740,CZ5Q0M1Gpy9oiCkuI4,192.168.1.198,41161,111.53.249.54,23,tcp,-,-,-,-,S0,-,-,0,S,1,40,0,0,-,Benign,-
1547145146.484782,CJ4EBr4zyVvc4Zb6xj,192.168.1.198,29360,92.24.234.40,23,tcp,-,-,-,-,S0,-,-,0,S,1,40,0,0,-,Benign,-
1547146256.397559,CUJPTA12IR5vbnGEPd,192.168.1.198,52458,161.202.185.211,23,tcp,-,-,-,-,S0,-,-,0,S,1,40,0,0,-,Benign,-
1545409549.004615,Cuj3mp4K97hmv1BFM9,192.168.1.196,43324,129.183.137.166,23,tcp,-,-,-,-,S0,-,-,0,S,1,60,0,0,-,Benign,-
1547148483.166287,CNPCAO1heoAvCLs701,192.168.1.198,36922,25.176.167.168,23,tcp,-,-,-,-,S0,-,-,0,S,1,40,0,0,-,Benign,-
1545434175.484720,CeGnak2OAsTew3vsC8,192.168.1.196,43084,146.154.160.173,23,tcp,-,-,-,-,S0,-,-,0,S,1,60,0,0,-,Benign,-
1545466668.432828,Cnlqce2ag5NJF7Utdf,192.168.1.196,38824,188.201.187.215,23,tcp,-,-,-,-,S0,-,-,0,S,1,60,0,0,-,Benign,-
1547145376.968775,CRKy5r2ZvTVHQNqzZ3,192.168.1.198,54580,46.176.199.8,23,tcp,-,-,-,-,S0,-,-,0,S,1,40,0,0,-,Benign,-
1547146612.265123,CXdlNq4toLGMDiyuEj,192.168.1.198,41161,169.23.242.149,23,tcp,-,-,-,-,S0,-,-,0,S,1,40,0,0,-,Benign,-
1545351441.584501,CJkxc14bPhCzlEpChe,192.168.1.197,43746,212.14.246.43,8080,tcp,-,-,-,-,S0,-,-,0,S,1,40,0,0,-,Benign,-
1547145236.398993,CHCoMpi4MWZYGCUC1,192.168.1.198,32751,32.197.204.3,23,tcp,-,-,-,-,S0,-,-,0,S,1,40,0,0,-,Benign,-
1547145288.224892,CwKuw74kuWlxjAFKna,192.168.1.198,13486,217.241.162.21,23,tcp,-,-,-,-,S0,-,-,0,S,1,40,0,0,-,Benign,-
1547147958.909513,CYMkxC3vIPZL3sIFd6,192.168.1.198,36922,5.160.81.232,23,tcp,-,-,-,-,S0,-,-,0,S,1,40,0,0,-,Benign,-
1545421002.841163,C6ZFAa4PlLPFdv32d4,192.168.1.197,43746,212.76.51.137,8080,tcp,-,-,-,-,S0,-,-,0,S,1,40,0,0,-,Benign,-
1547146033.113341,CkotEP32ptap7kKPl4,192.168.1.198,24104,27.92.151.109,23,tcp,-,-,-,-,S0,-,-,0,S,1,40,0,0,-,Benign,-
1545482382.372588,CLAHUq345DoXTq6NXa,192.168.1.196,43306,154.123.186.204,23,tcp,-,3.110697,0,0,S0,-,-,0,S,3,180,0,0,-,Benign,-
1545344196.508301,CdVy8U1ayRREMEMtV3,192.168.1.197,43746,212.159.190.8,8080,tcp,-,-,-,-,S0,-,-,0,S,1,40,0,0,-,Benign,-
1545414434.446242,C7TAXY3u9I23kVEzIj,192.168.1.196,40202,117.136.82.47,23,tcp,-,3.114722,0,0,S0,-,-,0,S,3,180,0,0,-,Benign,-
1545453497.243197,CED8VX3Ya9TYvsPAig,192.168.1.196,55342,76.147.99.95,23,tcp,-,-,-,-,S0,-,-,0,S,1,60,0,0,-,Benign,-
1545433855.401726,CnTP1ZxaGS4esHFG3,192.168.1.196,48844,120.45.57.92,23,tcp,-,-,-,-,S0,-,-,0,S,1,60,0,0,-,Benign,-
1545346471.278509,CKDmrNZb6HomgRpg,192.168.1.197,43746,212.58.19.130,8080,tcp,-,-,-,-,S0,-,-,0,S,1,40,0,0,-,Benign,-
1547145656.328131,CT66aG3z7OwOkSfXJd,192.168.1.198,10914,184.148.160.188,23,tcp,-,-,-,-,S0,-,-,0,S,1,40,0,0,-,Benign,-
1547147662.253287,CWhrJo1HNHHX9AYDKg,192.168.1.198,41161,106.200.156.21,23,tcp,-,-,-,-,S0,-,-,0,S,1,40,0,0,-,Benign,-
1547147789.583257,CrV9i8ARvhDOi3P7b,192.168.1.198,10803,218.73.17.98,23,tcp,-,-,-,-,S0,-,-,0,S,1,40,0,0,-,Benign,-
1547146239.963642,CzKgCx30eo4NKDLupa,192.168.1.198,52989,205.71.159.68,23,tcp,-,-,-,-,S0,-,-,0,S,1,40,0,0,-,Benign,-
1547146713.244768,CLLDr3IEDbjVuQhh,192.168.1.198,37871,160.135.171.220,23,tcp,-,-,-,-,S0,-,-,0,S,1,40,0,0,-,Benign,-
1547147946.856391,C4vGmi4EuxxLyN0sqi,192.168.1.198,29360,24.228.215.96,23,tcp,-,-,-,-,S0,-,-,0,S,1,40,0,0,-,Benign,-
1547145376.041794,CLiVEZODgeagBBznl,192.168.1.198,28704,206.54.12.197,23,tcp,-,-,-,-,S0,-,-,0,S,1,40,0,0,-,Benign,-
1547147422.827040,CxK099OoFgpsgtc19,192.168.1.198,50708,159.190.107.250,23,tcp,-,-,-,-,S0,-,-,0,S,1,40,0,0,-,Benign,-
1547145202.221711,CzAq5t1jJOeQYrLFSh,192.168.1.198,32751,87.126.12.234,23,tcp,-,-,-,-,S0,-,-,0,S,1,40,0,0,-,Benign,-
1547145661.443200,Cri6Cf3IvktmXpWb9c,192.168.1.198,36922,63.135.38.71,23,tcp,-,-,-,-,S0,-,-,0,S,1,40,0,0,-,Benign,-
1545475445.264022,CyIn7I6u63s3ErvR4,192.168.1.196,50162,45.57.85.73,23,tcp,-,3.094758,0,0,S0,-,-,0,S,3,180,0,0,-,Benign,-
1547146013.878309,CVA6mw3LdHa84xlxA,192.168.1.198,32751,49.82.156.143,23,tcp,-,-,-,-,S0,-,-,0,S,1,40,0,0,-,Benign,-
1547146706.148825,C53u1o3O8e5B2zmua,192.168.1.198,36922,207.224.240.229,23,tcp,-,-,-,-,S0,-,-,0,S,1,40,0,0,-,Benign,-
1547148233.939107,CLytuk1sq3qjkcRe,192.168.1.198,54580,4.12.226.242,23,tcp,-,-,-,-,S0,-,-,0,S,1,40,0,0,-,Benign,-
1547145900.379013,Ccunkz3tQN5btosza,192.168.1.198,36922,173.245.97.1,23,tcp,-,-,-,-,S0,-,-,0,S,1,40,0,0,-,Benign,-
1547145299.833019,Cii3NB13YNiqJJRZt6,192.168.1.198,50708,145.68.78.161,23,tcp,-,-,-,-,S0,-,-,0,S,1,40,0,0,-,Benign,-
1545430143.083037,C2OdjD4zVXXkRNttH5,192.168.1.196,59036,170.180.107.92,23,tcp,-,3.114438,0,0,S0,-,-,0,S,3,180,0,0,-,Benign,-
1545479478.205820,CtECXK34cOfPl6hHrb,192.168.1.196,44358,158.111.23.167,23,tcp,-,-,-,-,S0,-,-,0,S,1,60,0,0,-,Benign,-
1547145381.011446,C5SMFt1zXzR20uBmr6,192.168.1.198,52458,221.214.14.244,23,tcp,-,-,-,-,S0,-,-,0,S,1,40,0,0,-,Benign,-
1547148437.674470,CqFDss12o45n5ome95,192.168.1.198,52458,62.166.18.161,23,tcp,-,-,-,-,S0,-,-,0,S,1,40,0,0,-,Benign,-
1545482680.281561,CILyRb1tke7wAkKYO8,192.168.1.196,49506,124.55.135.19,23,tcp,-,-,-,-,S0,-,-,0,S,1,60,0,0,-,Benign,-
1545469328.116037,CUdEoJ18Gi0Yi4xjQ,192.168.1.196,56172,210.252.209.212,23,tcp,-,3.125215,0,0,S0,-,-,0,S,3,180,0,0,-,Benign,-
1545430150.117514,CySVbx2RqzsG5Lyz9,192.168.1.196,53414,130.201.107.246,23,tcp,-,-,-,-,S0,-,-,0,S,1,60,0,0,-,Benign,-
1545445850.761062,C29JFj15BQ0hbNjXwe,192.168.1.196,36806,220.201.199.250,23,tcp,-,-,-,-,S0,-,-,0,S,1,60,0,0,-,Benign,-
1545479698.280483,CiH5oI2DBIvttLU0G2,192.168.1.196,35968,199.177.153.101,23,tcp,-,3.124728,0,0,S0,-,-,0,S,3,180,0,0,-,Benign,-
1547145269.264966,C7g6he1fDoF0lw7P8l,192.168.1.198,50708,218.182.201.171,23,tcp,-,-,-,-,S0,-,-,0,S,1,40,0,0,-,Benign,-
1547148168.242299,Curr3N2z32znzNLhD1,192.168.1.198,54580,1.240.25.59,23,tcp,-,-,-,-,S0,-,-,0,S,1,40,0,0,-,Benign,-
1547146994.017660,C9fuGQ1xYIzHFJQrKi,192.168.1.198,36922,201.45.192.114,23,tcp,-,-,-,-,S0,-,-,0,S,1,40,0,0,-,Benign,-
1545437015.895707,CtUqyb2ZMJaGwErQF5,192.168.1.196,44798,203.139.175.113,23,tcp,-,3.110722,0,0,S0,-,-,0,S,3,180,0,0,-,Benign,-
1547146759.623093,CfXcwc29dAcp763i57,192.168.1.198,36922,31.73.159.12,23,tcp,-,-,-,-,S0,-,-,0,S,1,40,0,0,-,Benign,-
1547147136.364769,C7v88e2OCNYGGiDLi6,192.168.1.198,54580,106.122.137.209,23,tcp,-,-,-,-,S0,-,-,0,S,1,40,0,0,-,Benign,-
1547146644.552432,C0URoE2rJNFh1XtQc1,192.168.1.198,36922,141.57.23.253,23,tcp,-,-,-,-,S0,-,-,0,S,1,40,0,0,-,Benign,-
1547148120.479904,CM8cgQB8AiXJen9e,192.168.1.198,24104,4.184.171.128,23,tcp,-,-,-,-,S0,-,-,0,S,1,40,0,0,-,Benign,-
1547145297.741950,CrCvIq3EDwTtTbFRnj,192.168.1.198,41161,2.118.33.35,23,tcp,-,-,-,-,S0,-,-,0,S,1,40,0,0,-,Benign,-
1545457651.481784,CW8BHY1PhAEZPWz9g3,192.168.1.196,57350,219.187.254.136,23,tcp,-,-,-,-,S0,-,-,0,S,1,60,0,0,-,Benign,-
1547146512.684904,CrbFaG3PPvqrjr3Wel,192.168.1.198,25542,4.96.240.103,23,tcp,-,-,-,-,S0,-,-,0,S,1,40,0,0,-,Benign,-
1545355627.798003,CgKLq83J5FkChqzqSa,192.168.1.197,43746,212.75.67.104,8080,tcp,-,-,-,-,S0,-,-,0,S,1,40,0,0,-,Benign,-
1545478768.048714,CisbCX1UkhCggytpcb,192.168.1.196,48834,154.235.223.168,23,tcp,-,3.115991,0,0,S0,-,-,0,S,3,180,0,0,-,Benign,-
1547146508.554247,CuElP82pITudlz4jlc,192.168.1.198,37871,190.201.202.33,23,tcp,-,-,-,-,S0,-,-,0,S,1,40,0,0,-,Benign,-
1547145092.709183,CkVLgb2NlzXUDMsgJ6,192.168.1.198,41161,142.136.89.39,23,tcp,-,-,-,-,S0,-,-,0,S,1,40,0,0,-,Benign,-
1545405395.376119,CexCuo16nAf3pYHQfg,192.168.1.196,53272,143.254.160.185,23,tcp,-,3.146230,0,0,S0,-,-,0,S,3,180,0,0,-,Benign,-
1547148395.425711,Ctrdcx2INDB5B40iBk,192.168.1.198,52458,76.200.234.27,23,tcp,-,-,-,-,S0,-,-,0,S,1,40,0,0,-,Benign,-
1547147571.676145,CQbXkk2IJK53bHHe9d,192.168.1.198,10803,4.38.50.17,23,tcp,-,-,-,-,S0,-,-,0,S,1,40,0,0,-,Benign,-
1547147837.443806,C2f5XZSMtAOGFirhj,192.168.1.198,13486,107.4.224.229,23,tcp,-,-,-,-,S0,-,-,0,S,1,40,0,0,-,Benign,-
1547145954.890445,CEAjWu2ov8ugZVS5Ta,192.168.1.198,28704,54.146.16.46,23,tcp,-,-,-,-,S0,-,-,0,S,1,40,0,0,-,Benign,-
1547145549.560224,C8y8Kb4X0wMJ3tDlZ,192.168.1.198,50708,129.6.161.36,23,tcp,-,-,-,-,S0,-,-,0,S,1,40,0,0,-,Benign,-
1547145267.754845,CUufl939nfPmbgYLZj,192.168.1.198,52458,145.80.45.70,23,tcp,-,-,-,-,S0,-,-,0,S,1,40,0,0,-,Benign,-
1547146211.161817,C0b6Xy4vluCyOGfAv8,192.168.1.198,29360,128.146.221.35,23,tcp,-,-,-,-,S0,-,-,0,S,1,40,0,0,-,Benign,-
1547148146.735832,Cx0poNwSRptdKFRx8,192.168.1.198,28704,5.101.62.166,23,tcp,-,-,-,-,S0,-,-,0,S,1,40,0,0,-,Benign,-
1547148419.058519,C0YHjhNjIJYopCaG7,192.168.1.198,29360,75.5.131.184,23,tcp,-,-,-,-,S0,-,-,0,S,1,40,0,0,-,Benign,-
1547145179.381775,CGbMnM2svyl1W0N6t7,192.168.1.198,52458,157.208.246.212,23,tcp,-,-,-,-,S0,-,-,0,S,1,40,0,0,-,Benign,-
1525914746.012210,C5OFiz3o4dvFhFx6Ll,192.168.100.103,43763,228.89.212.62,22716,udp,-,-,-,-,S0,-,-,0,D,1,40,0,0,(empty),Benign,-
1547145740.883165,CQ5KXc2LkebpfxKZx,192.168.1.198,37871,219.140.69.53,23,tcp,-,-,-,-,S0,-,-,0,S,1,40,0,0,-,Benign,-
1547145133.114900,CkQO2K1DwynWk2Hx04,192.168.1.198,50708,86.28.71.134,23,tcp,-,-,-,-,S0,-,-,0,S,1,40,0,0,-,Benign,-
1547145291.728663,CxIEVWeN9wevoQPS1,192.168.1.198,36922,37.169.15.144,23,tcp,-,-,-,-,S0,-,-,0,S,1,40,0,0,-,Benign,-
1545454986.281528,CucqNF3jamppMiYuza,192.168.1.196,45644,94.167.139.212,23,tcp,-,3.121975,0,0,S0,-,-,0,S,3,180,0,0,-,Benign,-
1547147039.679109,Cr15Lg1iYyqzb63yni,192.168.1.198,25542,177.44.178.128,23,tcp,-,-,-,-,S0,-,-,0,S,1,40,0,0,-,Benign,-
1526045318.999283,CdxjCu3lgo9FDzXl19,192.168.100.103,43763,188.3.104.183,38221,udp,-,-,-,-,S0,-,-,0,D,1,40,0,0,(empty),Benign,-
1545483228.520035,Con1sV3RJqNI64Y338,192.168.1.196,33750,42.91.143.100,23,tcp,-,-,-,-,S0,-,-,0,S,1,60,0,0,-,Benign,-
1547147926.239639,CeY6Ve4BSdEnovwgIe,192.168.1.198,36922,73.121.200.62,23,tcp,-,-,-,-,S0,-,-,0,S,1,40,0,0,-,Benign,-
1547146949.634950,Cxzyrv2IAbXM65fmn6,192.168.1.198,25542,80.240.109.133,23,tcp,-,-,-,-,S0,-,-,0,S,1,40,0,0,-,Benign,-
1547145755.232989,Cuq7wb2fshpPBoImZc,192.168.1.198,37871,120.104.233.254,23,tcp,-,-,-,-,S0,-,-,0,S,1,40,0,0,-,Benign,-
1547148230.131763,CbUax14q5OPXJQo7Pa,192.168.1.198,50708,168.179.18.220,23,tcp,-,-,-,-,S0,-,-,0,S,1,40,0,0,-,Benign,-
1547146932.026005,C2jLjF3iaF4ynG0cXl,192.168.1.198,32751,70.72.181.53,23,tcp,-,-,-,-,S0,-,-,0,S,1,40,0,0,-,Benign,-
1547148252.347139,CawEJ13m2tZlYOzwYb,192.168.1.198,52458,207.244.40.190,23,tcp,-,-,-,-,S0,-,-,0,S,1,40,0,0,-,Benign,-
1547147379.498773,C76uE923jRupYpYMhi,192.168.1.198,29360,51.22.64.206,23,tcp,-,-,-,-,S0,-,-,0,S,1,40,0,0,-,Benign,-
1547145713.503022,C3T8UK2AeOa1Xfigj7,192.168.1.198,29360,142.148.88.178,23,tcp,-,-,-,-,S0,-,-,0,S,1,40,0,0,-,Benign,-
1547146879.045210,CFpMfd1n7rXrhukAUb,192.168.1.198,10914,216.176.249.211,23,tcp,-,-,-,-,S0,-,-,0,S,1,40,0,0,-,Benign,-
1547145078.419105,C57x0c2AafcLn6D1A7,192.168.1.198,54580,118.49.160.54,23,tcp,-,-,-,-,S0,-,-,0,S,1,40,0,0,-,Benign,-
1547145417.095901,CDjDC62g2aOPg8Akui,192.168.1.198,37871,139.59.165.23,23,tcp,-,-,-,-,S0,-,-,0,S,1,40,0,0,-,Benign,-
1547147910.671987,CVSHAl3JEtkYB1GnI1,192.168.1.198,36922,152.200.14.197,23,tcp,-,-,-,-,S0,-,-,0,S,1,40,0,0,-,Benign,-
1547147543.048163,Cu1siF2f4mB7aeDpLc,192.168.1.198,36922,178.173.79.128,23,tcp,-,-,-,-,S0,-,-,0,S,1,40,0,0,-,Benign,-
1547145710.043513,CAqeCu3pg9g2t53qMj,192.168.1.198,41161,57.45.2.112,23,tcp,-,-,-,-,S0,-,-,0,S,1,40,0,0,-,Benign,-
1547148054.958656,CzclnggvZLoh3iLIe,192.168.1.198,10914,173.166.42.245,23,tcp,-,-,-,-,S0,-,-,0,S,1,40,0,0,-,Benign,-
1547146722.506498,CGlp704ALIcDAFGBif,192.168.1.198,52989,32.1.131.135,23,tcp,-,-,-,-,S0,-,-,0,S,1,40,0,0,-,Benign,-
1547146339.426690,CHVWNd40oO7vL4jt1e,192.168.1.198,13486,81.229.111.65,23,tcp,-,-,-,-,S0,-,-,0,S,1,40,0,0,-,Benign,-
1545412519.802853,CJyMAf2TiOkshZPYq4,192.168.1.196,56618,197.165.241.134,23,tcp,-,-,-,-,S0,-,-,0,S,1,60,0,0,-,Benign,-
1547147460.647088,CMj0eZ1ngORQXdN8li,192.168.1.198,52458,23.134.241.253,23,tcp,-,-,-,-,S0,-,-,0,S,1,40,0,0,-,Benign,-
1547146961.715053,CiLv8D16yER1YaFhU5,192.168.1.198,55288,128.12.42.9,23,tcp,-,-,-,-,S0,-,-,0,S,1,40,0,0,-,Benign,-
1547147598.091205,Ck5CUi3yJfm8udsKX6,192.168.1.198,55288,171.201.29.82,23,tcp,-,-,-,-,S0,-,-,0,S,1,40,0,0,-,Benign,-
1547150824.722866,CVTWpd789rU8sChfi,192.168.1.199,59226,46.101.251.172,80,tcp,http,1.500886,152,129941,SF,-,-,20272,ShADadtfF,83,4696,94,136285,-,Malicious,C&C-FileDownload
1547150862.115286,CGeINc33U03g8yP3b,192.168.1.199,59234,46.101.251.172,80,tcp,http,1.445668,149,125486,SF,-,-,8688,ShADadttfF,88,5757,90,130174,-,Malicious,C&C-FileDownload
1552047873.858759,CU2NLs2supXiEWX8M2,192.168.1.197,51656,185.244.25.108,80,tcp,http,1.954395,86,51041,SF,-,-,0,ShADadttfF,80,5492,78,106154,-,Malicious,C&C-FileDownload
1547144754.550655,Ch9sQv28SMsGBlSV28,192.168.1.198,36954,142.11.219.83,80,tcp,http,1.654539,158,71378,SF,-,-,10136,ShADadtfF,53,3278,53,74142,-,Malicious,C&C-FileDownload
1547150965.207232,C2Lnmo1m6gOEF5Flyj,192.168.1.199,59242,46.101.251.172,80,tcp,http,1.612322,147,152039,SF,-,-,11584,ShADadttfF,103,6303,108,157663,-,Malicious,C&C-FileDownload
1545403323.961249,CFBkJX1PUJ8h6mnxFi,192.168.1.196,59944,104.248.160.24,80,tcp,http,0.805283,149,88798,SF,-,-,0,ShADadtfF,65,3693,65,92186,-,Malicious,C&C-FileDownload
1552047884.169374,Cqjlov48l0Cad2qoeg,192.168.1.197,51660,185.244.25.108,80,tcp,http,1.055416,87,73550,SF,-,-,1448,ShADadcgttfF,108,7406,106,149732,-,Malicious,C&C-FileDownload
1545404145.147972,CYsfGZ2Zkxx85hi4B3,192.168.1.196,44850,104.248.160.24,80,tcp,http,2.606498,149,88858,SF,-,-,0,ShADadttfF,70,4629,69,98246,-,Malicious,C&C-FileDownload
1552047916.945165,CfxCaz4K3vyZzCbblk,192.168.1.197,51678,185.244.25.108,80,tcp,http,1.512385,154,139552,SF,-,-,0,ShADadttfF,198,13284,200,289520,-,Malicious,C&C-FileDownload
1552047911.155971,CHVX39JIbfHIz0Ta2,192.168.1.197,51670,185.244.25.108,80,tcp,http,0.600404,154,35665,SF,-,-,1448,ShADadcgttfF,56,3596,54,71258,-,Malicious,C&C-FileDownload
1547144758.173355,Ck50Tn28Aaj4chKXCg,192.168.1.198,36958,142.11.219.83,80,tcp,http,3.180399,158,135532,SF,-,-,1448,ShADadttfF,98,6734,95,140480,-,Malicious,C&C-FileDownload
1547150822.835187,CBjcNy4pOh8Xg1H4S,192.168.1.199,59224,46.101.251.172,80,tcp,http,1.847943,149,171878,SF,-,-,4344,ShADadttfF,102,6485,121,178178,-,Malicious,C&C-FileDownload
1547150860.304820,CJEpyA1EVyv5OwuTe2,192.168.1.199,59230,46.101.251.172,80,tcp,http,1.775238,149,164489,SF,-,-,13032,ShADadttfF,111,6985,118,172081,-,Malicious,C&C-FileDownload
1547144716.790700,CewAPh3BzNprQfySq1,192.168.1.198,36944,142.11.219.83,80,tcp,http,1.854676,91,80326,SF,-,-,13032,ShADadttfF,59,3555,59,83402,-,Malicious,C&C-FileDownload
1547127288.018828,Ce3AJzwzXwM3Z1XBg,192.168.1.197,45082,104.24.97.120,80,tcp,http,4.767024,150,67212,SF,-,-,0,ShADadttFf,54,2938,50,69224,-,Malicious,C&C-FileDownload
1545403324.804016,C6t8wg4MzHi2cBWbHi,192.168.1.196,59946,104.248.160.24,80,tcp,http,4.237332,149,117701,SF,-,-,0,ShADadttfF,88,5141,88,128077,-,Malicious,C&C-FileDownload
1547144796.150649,CSOT8qo5ClRNQR384,192.168.1.198,36964,142.11.219.83,80,tcp,http,1.438934,157,58729,SF,-,-,7240,ShADadtfF,44,2525,44,61025,-,Malicious,C&C-FileDownload
1552047901.075974,Cuxzfc23MNd6BnL71e,192.168.1.197,51662,185.244.25.108,80,tcp,http,0.998689,154,76398,SF,-,-,0,ShADadttfF,112,8204,112,158636,-,Malicious,C&C-FileDownload
1552047883.075998,CSo3RwR0Fi6ZGKo52,192.168.1.197,51658,185.244.25.108,80,tcp,http,1.039155,154,73550,SF,-,-,1448,ShADadcgttfF,108,7636,106,149732,-,Malicious,C&C-FileDownload
1547145109.895131,CnhWTd1xBePq4tnuF5,192.168.1.198,37102,142.11.219.83,80,tcp,http,4.889459,90,55201,SF,-,-,2896,ShADadtfF,45,2514,38,58633,-,Malicious,C&C-FileDownload
1547150929.659751,CvTcwH1QzC4b2uSCnf,192.168.1.199,59238,46.101.251.172,80,tcp,http,1.438680,148,121390,SF,-,-,17376,ShADadttfF,92,5604,92,133422,-,Malicious,C&C-FileDownload
1552047915.281116,CgumQo3FCW1GZjWEMd,192.168.1.197,51674,185.244.25.108,80,tcp,http,0.953453,154,71074,SF,-,-,1448,ShADadcgttfF,106,7652,106,144780,-,Malicious,C&C-FileDownload
1547144756.259431,Cq7HBo3bdiRTFf3mD4,192.168.1.198,36956,142.11.219.83,80,tcp,http,1.874917,91,71378,SF,-,-,15928,ShADadttfF,53,3107,52,74090,-,Malicious,C&C-FileDownload
1552047916.297285,CmPNCJRujAqfESBPb,192.168.1.197,51676,185.244.25.108,80,tcp,http,0.608902,87,71074,SF,-,-,1448,ShADadcgttfF,108,7710,104,144676,-,Malicious,C&C-FileDownload
1547144720.423390,CBmFBp4zQjyfP7Pbxk,192.168.1.198,36950,142.11.219.83,80,tcp,http,0.748302,158,52749,SF,-,-,10136,ShADadtfF,40,2318,40,54837,-,Malicious,C&C-FileDownload
1545403315.961309,C3jWCS12n4Er3wypof,192.168.1.196,59942,104.248.160.24,80,tcp,http,0.758570,152,83119,SF,-,-,0,ShADadtfF,61,4056,61,86299,-,Malicious,C&C-FileDownload
1545404489.401759,CdjjA64S7xKIUzhUmg,192.168.1.196,48994,104.248.160.24,80,tcp,http,0.882993,149,89652,SF,-,-,0,ShADadttfF,67,4345,65,94488,-,Malicious,C&C-FileDownload
1552047872.926803,Ci1t6e4WID2QT41FV5,192.168.1.197,51654,185.244.25.108,80,tcp,http,0.778541,153,51041,SF,-,-,1448,ShADadcgttfF,78,5274,78,103258,-,Malicious,C&C-FileDownload
1545402975.921971,CQSI8MuXCL4tsc5n,192.168.1.196,59934,104.248.160.24,80,tcp,http,2.248716,149,119443,SF,-,-,0,ShADadttfF,88,5737,85,125319,-,Malicious,C&C-FileDownload
1547144648.998634,CTFA642dkB7jUtRFo3,192.168.1.198,36942,142.11.219.83,80,tcp,http,2.976298,158,80326,SF,-,-,0,ShADadttfF,60,3658,58,83350,-,Malicious,C&C-FileDownload
1547127325.848682,CRm4BX1Auzsk2XLo6i,192.168.1.197,45090,104.24.97.120,80,tcp,http,0.677353,151,64551,SF,-,-,2920,ShADadttFf,59,3719,57,78523,-,Malicious,C&C-FileDownload
1547150963.635372,C4S1Kz40sipbEERa76,192.168.1.199,59240,46.101.251.172,80,tcp,http,1.531888,149,139570,SF,-,-,10136,ShADadttfF,100,6581,99,144726,-,Malicious,C&C-FileDownload
1551383451.451091,CJm7HCnrDfDREbMm7,192.168.1.193,50178,134.209.72.171,4554,tcp,-,26347.422164,11,4413,S1,-,-,0,ShADad,1796,93758,1792,102154,-,Malicious,C&C-FileDownload
1547150966.859046,C0aWOD1sg4rINDNIN7,192.168.1.199,59244,46.101.251.172,80,tcp,http,2.295936,150,149980,SF,-,-,2896,ShADadttfF,108,7058,107,155552,-,Malicious,C&C-FileDownload
1547150928.435460,CVNQP5iuWtYHzOkEj,192.168.1.199,59236,46.101.251.172,80,tcp,http,1.185313,149,137844,SF,-,-,1448,ShADadttfF,99,6625,99,143000,-,Malicious,C&C-FileDownload
1547144643.844826,ChGgcY1yyjeS5ZU5Nj,192.168.1.198,36940,142.11.219.83,80,tcp,http,5.110081,91,77606,SF,-,-,0,ShADadtfF,59,3587,55,80474,-,Malicious,C&C-FileDownload
1547144607.990777,CKs4cs39inGUJYmcf,192.168.1.198,36934,142.11.219.83,80,tcp,http,0.761313,157,54305,SF,-,-,4344,ShADadtfF,41,2381,40,56393,-,Malicious,C&C-FileDownload
1547127292.818338,CiWG9z3qijWU45UDZ2,192.168.1.197,45086,104.24.97.120,80,tcp,http,3.714356,150,63183,SF,-,-,0,ShADadttFf,55,3574,51,65235,-,Malicious,C&C-FileDownload
1547150858.675241,CXN7Hv30MRBCkz8BU4,192.168.1.199,59228,46.101.251.172,80,tcp,http,1.590348,149,141272,SF,-,-,2896,ShADadttfF,102,6781,101,146532,-,Malicious,C&C-FileDownload
1547144641.910680,CgZV5C16OxSwkgfKm,192.168.1.198,36938,142.11.219.83,80,tcp,http,1.877666,158,77606,SF,-,-,10136,ShADadttfF,57,3498,57,80578,-,Malicious,C&C-FileDownload
1547144608.905253,CPeUF229WY3XhwerOl,192.168.1.198,36936,142.11.219.83,80,tcp,http,0.783553,90,54305,SF,-,-,10136,ShADadtfF,41,2302,40,56393,-,Malicious,C&C-FileDownload
1547150789.067208,CzsY0D4B96NTr8m7ld,192.168.1.199,59222,46.101.251.172,80,tcp,http,1.686784,149,171750,SF,-,-,11584,ShADadttfF,122,7741,122,178102,-,Malicious,C&C-FileDownload
1545404143.161833,CCIwry3ikg30WliNo3,192.168.1.196,44822,104.248.160.24,80,tcp,http,1.947894,149,75855,SF,-,-,0,ShADadtfF,57,3793,55,78723,-,Malicious,C&C-FileDownload
1545403173.961536,CVruoh4LgNAcBKjHkj,192.168.1.196,59938,104.248.160.24,80,tcp,http,1.407450,149,119443,SF,-,-,0,ShADadttfF,87,5761,86,123923,-,Malicious,C&C-FileDownload
1545403434.135158,CDnCPc1ArPWAflp3W4,192.168.1.196,60010,104.248.160.24,23,tcp,-,85755.840229,8278,7685,S1,-,-,0,ShADad,4576,249112,4621,249046,-,Malicious,C&C-FileDownload
1552047902.129872,CpFRgkCL2vrofqxV9,192.168.1.197,51664,185.244.25.108,80,tcp,http,0.653163,87,76398,SF,-,-,0,ShADadttfF,114,8094,112,158636,-,Malicious,C&C-FileDownload
1552047918.511778,CzzssH2awHjpRkzqQf,192.168.1.197,51680,185.244.25.108,80,tcp,http,4.373003,87,139552,SF,-,-,0,ShADadttfF,184,10462,206,298520,-,Malicious,C&C-FileDownload
1547144761.408735,Cs3OAn1T3P00kWLCq7,192.168.1.198,36960,142.11.219.83,80,tcp,http,2.675969,91,135532,SF,-,-,7240,ShADadttfF,97,6471,96,140532,-,Malicious,C&C-FileDownload
1547144721.225672,CDbCOGqCHpR79uK4a,192.168.1.198,36952,142.11.219.83,80,tcp,http,0.801792,91,52749,SF,-,-,4344,ShADadtfF,41,2331,38,56181,-,Malicious,C&C-FileDownload
1545404212.681298,CJ8CZC2lMbDVb0mnI7,192.168.1.196,44884,104.248.160.24,80,tcp,http,1.496380,148,74767,SF,-,-,0,ShADadttfF,55,3596,53,77531,-,Malicious,C&C-FileDownload
